101357;"Grundschule ""Am Krugpark""";Brandenburg an der Havel;BRB
101369;"Grundschule ""Theodor Fontane""";Brandenburg an der Havel;BRB
101382;"Grundschule ""Frederic Joliot Curie""";Brandenburg an der Havel;BRB
101400;Georg-Klingenberg-Schule montessoriorientierte St�dtische Grundschule Brandenburg an der Havel;Brandenburg an der Havel;BRB
101412;Luckenberger Schule;Brandenburg an der Havel;BRB
101424;Konrad-Sprengel-Schule;Brandenburg an der Havel;BRB
101461;"Grundschule ""Gebr�der Grimm""";Brandenburg an der Havel;BRB
101485;Wilhelm-Busch-Schule;Brandenburg an der Havel;BRB
101503;Magnus-Hoffmann-Schule Kirchm�ser;Brandenburg an der Havel;BRB
106112;Evangelische Grundschule Brandenburg an der Havel;Brandenburg an der Havel;BRB
106574;WIR-Grundschule -anerkannte Ersatzschule-;Brandenburg an der Havel;BRB
106781;Grundschule in der Kleinen Gartenstra�e;Brandenburg an der Havel;BRB
110796;Berufsorientierte Schule Kirchm�ser;Brandenburg an der Havel;BRB
110826;Otto-Tschirch-Oberschule;Brandenburg an der Havel;BRB
110838;Oberschule Brandenburg Nord;Brandenburg an der Havel;BRB
120250;Bertolt-Brecht-Gymnasium;Brandenburg an der Havel;BRB
120261;von Saldern-Gymnasium Europaschule;Brandenburg an der Havel;BRB
121216;Evangelisches Gymnasium am Dom zu Brandenburg anerkannte Ersatzschule;Brandenburg an der Havel;BRB
130205;Nicolaischule - St�dtische Oberschule (Brandenburg an der Havel);Brandenburg an der Havel;BRB
180336;Hildegard-von-Bingen-Oberschule St�dtische Oberschule;Brandenburg an der Havel;BRB
180385;Evangelischer Schulcampus am Dom zu Brandenburg - Oberschule genehmigte Ersatzschule;Brandenburg an der Havel;BRB
200270;"Oberstufenzentrum ""Gebr�der Reichstein""";Brandenburg an der Havel;BRB
200281;"Oberstufenzentrum ""Alfred Flakowski""";Brandenburg an der Havel;BRB
330206;Fachschule f�r Sozialwesen im Europ�ischen Bildungswerk f�r Beruf und Gesellschaft gGmbH;Brandenburg an der Havel;BRB
400336;"Havelschule St�dtische Schule mit dem sonderp�dagogischen F�rder- schwerpunkt ""Geistige Entwicklung""";Brandenburg an der Havel;BRB
400348;Schule f�r Kranke im Asklepios-Fachklinikum;Brandenburg an der Havel;BRB
400361;"Johann-Heinrich-Pestalozzi-Schule - Schule mit dem sonderp�dagogischen F�rderschwerpunkt ""Lernen""";Brandenburg an der Havel;BRB
640270;"Zweiter Bildungsweg am OSZ ""Alfred Flakowski"" Brandenburg an der Havel";Brandenburg an der Havel;BRB
103421;Grundschule Ludwig Renn;Potsdam;P
103512;Grundschule Hanna von Pestalozza;Potsdam;P
105326;Grundschule Max Dortu;Potsdam;P
105351;Weidenhof-Grundschule;Potsdam;P
105363;Grundschule Am Pappelhain;Potsdam;P
105405;Grundschule am Humboldtring;Potsdam;P
105429;Zeppelin-Grundschule;Potsdam;P
105430;Waldstadt-Grundschule;Potsdam;P
105454;Rosa-Luxemburg-Schule;Potsdam;P
105466;"Grundschule ""Am Priesterweg""";Potsdam;P
105478;Gerhart-Hauptmann-Grundschule Potsdam;Potsdam;P
105491;Grundschule Bruno H. B�rgel;Potsdam;P
105533;Eisenhart-Schule;Potsdam;P
106008;Grundschule Im Kirchsteigfeld;Potsdam;P
106010;Freie Schule Potsdam des Vereins Freie Schule Potsdam e.V.;Potsdam;P
106045;Evangelische Grundschule Potsdam;Potsdam;P
106124;Neue Grundschule Potsdam anerkannte Ersatzschule;Potsdam;P
106306;Schiller Grundschule im Sternfeld anerkannte Ersatzschule;Potsdam;P
106320;Aktive Schule Potsdam Grundschule;Potsdam;P
106446;Internationale Grundschule Potsdam Primary School genehmigte Ersatzschule;Potsdam;P
106460;Neue Grundschule Marquardt anerkannte Ersatzschule;Potsdam;P
106471;Evangelische Grundschule Potsdam-Babelsberg -anerkannte Ersatzschule-;Potsdam;P
106586;Katholische Marienschule Potsdam Grundschule - anerkannte Ersatzschule -;Potsdam;P
106653;Goethe-Grundschule;Potsdam;P
106677;Grundschule im Bornstedter Feld;Potsdam;P
106720;Grundschule Bornim;Potsdam;P
106732;AWO Grundschule Marie Juchacz Potsdam - genehmigte Ersatzschule -;Potsdam;P
106770;Grundschule Am Jungfernsee;Potsdam;P
106793;Grundschule am Telegrafenberg;Potsdam;P
106902;Michael-Ende-Grundschule;Potsdam;P
107013;Grundschule Krampnitz Potsdam;Potsdam;P
112082;Regenbogenschule Fahrland;Potsdam;P
112938;Karl-Foerster-Schule St�dtische Grundschule Potsdam;Potsdam;P
112963;Montessori-Oberschule mit Primarstufe;Potsdam;P
112975;"Gesamtschule ""Peter Joseph Lenn�""";Potsdam;P
112999;Schule am Griebnitzsee;Potsdam;P
113001;Oberschule Theodor Fontane mit Primarstufe;Potsdam;P
113049;Friedrich-Wilhelm-von-Steuben-Gesamtschule;Potsdam;P
113050;Voltaireschule Gesamtschulcampus mit gymnasialem Bildungsgang;Potsdam;P
113426;Leonardo-da-Vinci-Gesamtschule;Potsdam;P
113438;Internationale Gesamtschule Potsdam - anerkannte Ersatzschule -;Potsdam;P
113440;Neue Gesamtschule Babelsberg der ASG - anerkannte Ersatzschule -;Potsdam;P
113451;Gesamtschule Am Schilfhof;Potsdam;P
115540;"Sportschule Potsdam ""Friedrich Ludwig Jahn""";Potsdam;P
120790;Humboldt-Gymnasium Potsdam;Potsdam;P
120819;Hermann-von-Helmholtz-Gymnasium Europaschule;Potsdam;P
120820;Leibniz-Gymnasium Potsdam;Potsdam;P
120832;Evangelisches Gymnasium Hermannswerder;Potsdam;P
120868;Einstein-Gymnasium Potsdam;Potsdam;P
121095;Neues Gymnasium Potsdam (Babelsberger Filmgymnasium) anerkannte Ersatzschule;Potsdam;P
121113;Schiller-Gymnasium;Potsdam;P
121265;Katholische Marienschule Potsdam, Gymnasium anerkannte Ersatzschule;Potsdam;P
121307;Bertha-von-Suttner-Gymnasium Babelsberg;Potsdam;P
121356;Hannah-Arendt-Gymnasium;Potsdam;P
121381;Dalton-Gymnasium Potsdam;Potsdam;P
121400;Clara-Immerwahr-Gymnasium;Potsdam;P
121423;Gymnasium im Potsdamer Norden;Potsdam;P
130734;K�the-Kollwitz-Oberschule;Potsdam;P
150010;Schulzentrum am Stern;Potsdam;P
160015;Gesamtschule Potsdam - Drewitzer Modellschule anerkannte Ersatzschule;Potsdam;P
160064;Schule am Schloss;Potsdam;P
200372;Oberstufenzentrum I - Technik;Potsdam;P
200384;Oberstufenzentrum 2 Wirtschaft und Verwaltung St�dtische Schule Potsdam - Europaschule;Potsdam;P
200396;"Oberstufenzentrum ""Johanna Just""";Potsdam;P
200440;Oberlin Berufliche Schulen der Berufsbildungswerk im Oberlinhaus gGmbH - anerkannte Ersatzschule;Potsdam;P
200803;Medienschule Babelsberg, BFS f�r Medien und Kommunikation mit anerkannten Bildungsg�ngen, FOS - einj�hrig, anerkannte Ersatzschule in der FR Gestaltung;Potsdam;P
200864;Berufliche Schule f�r Sport und Gesundheit der Europ�ischen Sportakademie des Landes Brandenburg;Potsdam;P
330073;Berufliche Schulen Hermannswerder anerkannte Berufsfachschule Soziales und anerkannte Fachschule f�r Sozialwesen der Hoffbauer gGmbH;Potsdam;P
330255;Fachschule Sozialwesen in der Fachrichtung Sozialp�dagogik des AWO-Bezirksverb. Potsdam e.V. anerkannte Ersatzschule;Potsdam;P
330267;Berufliche Schule Potsdam der ASG - Anerkannte Schulgesellschaft mbH -  anerkannte Ersatzschule;Potsdam;P
330280;P�DAGOGIKA Fachschule Sozialwesen Fachrichtung Sozialp�dagogik - genehmigte Ersatzschule -;Potsdam;P
401092;"Oberlinschule - Schule mit dem sonderp�dagogischen F�rderschwerpunkt ""k�rperliche und motorische Entwicklung""";Potsdam;P
401250;Fr�belschule Schule mit dem sonderp�dagogischen F�rderschwerpunkt emotionale und soziale Entwicklung;Potsdam;P
401262;"Schule mit dem sonderp�dagogischen F�rderschwerpunkt ""Lernen"" ""Schule am Nuthetal""";Potsdam;P
401274;"Comenius-Schule Schule mit dem sonderp�dagogischen F�rderschwerpunkt ""geistige Entwicklung""";Potsdam;P
401298;"Wilhelm-von-T�rk-Schule Schule mit den sonderp�dagogischen F�rderschwerpunkten ""H�ren"" und ""Sprache""";Potsdam;P
600027;"Schule des Zweiten Bildungsweges ""Heinrich von Kleist""";Potsdam;P
700046;Waldorfschule Potsdam;Potsdam;P
100675;Johann-Wolfgang-von-Goethe-Grundschule;Potsdam-Mittelmark;PM
100687;Grundschule Wollin;Potsdam-Mittelmark;PM
100705;"Grundschule ""Am Beetzsee""";Potsdam-Mittelmark;PM
100729;"Grundschule ""Friedrich Eberhard von Rochow""";Potsdam-Mittelmark;PM
100730;"Grundschule ""Am Fenn""";Potsdam-Mittelmark;PM
100742;Grundschule Roskow;Potsdam-Mittelmark;PM
100754;Grundschule Jeserig;Potsdam-Mittelmark;PM
100766;Wilhelm-G�tze-Schule;Potsdam-Mittelmark;PM
101291;Grundschule Br�ck;Potsdam-Mittelmark;PM
101308;Hans-Grade-Grundschule;Potsdam-Mittelmark;PM
101310;Kleine Grundschule Dippmannsdorf;Potsdam-Mittelmark;PM
101321;Geschwister-Scholl-Grundschule;Potsdam-Mittelmark;PM
101333;"Grundschule ""Am Schlosspark"" Wiesenburg";Potsdam-Mittelmark;PM
101345;"Grundschule ""Robert Koch""";Potsdam-Mittelmark;PM
103123;"Grundschule ""Albert Schweitzer""";Potsdam-Mittelmark;PM
103329;"Grundschule ""Karl Hagemeister""";Potsdam-Mittelmark;PM
103330;Ernst-von-Stubenrauch-Grundschule;Potsdam-Mittelmark;PM
103342;Anne-Frank-Grundschule;Potsdam-Mittelmark;PM
103354;"Grundschule ""Heinrich Zille""";Potsdam-Mittelmark;PM
103366;Grundschule am Fliegerberg;Potsdam-Mittelmark;PM
103380;Steinweg-Schule;Potsdam-Mittelmark;PM
103408;Eigenherd-Schule;Potsdam-Mittelmark;PM
103410;Grundschule Fichtenwalde;Potsdam-Mittelmark;PM
103433;Diesterweg-Grundschule;Potsdam-Mittelmark;PM
103445;Inselschule T�plitz;Potsdam-Mittelmark;PM
103470;"Grundschule ""Albert Einstein"" Schwielowsee OT Caputh Kreis Potsdam-Mittelmark";Potsdam-Mittelmark;PM
103494;Grundschule Glindow;Potsdam-Mittelmark;PM
103500;Meusebach-Grundschule Geltow verl�ssliche Halbtagsgrundschule mit integrierter Kindertagesbetreuung;Potsdam-Mittelmark;PM
103524;Grundschule Michendorf;Potsdam-Mittelmark;PM
105673;BBIS Berlin Brandenburg International School, Genehmigte Ersatz- und Ganztagsschule Klasse 1-10, Anerkannte Erg�nzungsschule Klasse 11-12;Potsdam-Mittelmark;PM
105922;"Grundschule ""Am R�thepfuhl""";Potsdam-Mittelmark;PM
105983;"Grundschule ""Am Kiefernwald"" Wildenbruch";Potsdam-Mittelmark;PM
106252;Freie Schule Fl�ming Ganzheitliche Naturschule nach Maria Montessori anerkannte Ersatzschule;Potsdam-Mittelmark;PM
106343;Evangelische Grundschule Kleinmachnow anerkannte Ersatzschule;Potsdam-Mittelmark;PM
106355;Grundschule Auf dem Seeberg;Potsdam-Mittelmark;PM
106495;Lindenhof-Grundschule;Potsdam-Mittelmark;PM
106616;Evangelische Ursula-W�lfel-Grundschule Teltow anerkannte Ersatzschule;Potsdam-Mittelmark;PM
106938;Evangelische Grundschule Werder - genehmigte Ersatzschule -;Potsdam-Mittelmark;PM
106940;Birken-Grundschule - Montessori - Naturschule Treuenbrietzen - genehmigte Ersatzschule -;Potsdam-Mittelmark;PM
106951;Loris Grundschule - genehmigte Ersatzschule -;Potsdam-Mittelmark;PM
110498;Thomas-M�ntzer-Schulzentrum Ziesar-G�rzke;Potsdam-Mittelmark;PM
110504;"Grund- und Gesamtschule Lehnin ""Heinrich Julius Bruns""";Potsdam-Mittelmark;PM
110759;Oberschule der Stadt Br�ck;Potsdam-Mittelmark;PM
110760;Krause-Tschetschog-Oberschule;Potsdam-Mittelmark;PM
112008;Grund- und Oberschule Wilhelmshorst;Potsdam-Mittelmark;PM
112033;Maxim-Gorki-Gesamtschule;Potsdam-Mittelmark;PM
112045;Erich K�stner Grundschule Gro� Kreutz;Potsdam-Mittelmark;PM
112057;"Grundschule ""Otto Nagel""";Potsdam-Mittelmark;PM
112069;Solar-Oberschule Beelitz;Potsdam-Mittelmark;PM
112070;Friedrich-List-Grundschule;Potsdam-Mittelmark;PM
113384;KARIBU-Oberschule Geltow anerkannte Ersatzschule;Potsdam-Mittelmark;PM
120224;Fl�ming-Gymnasium;Potsdam-Mittelmark;PM
120546;Sally-Bein-Gymnasium;Potsdam-Mittelmark;PM
120558;Weinberg-Gymnasium;Potsdam-Mittelmark;PM
120560;Ernst-Haeckel-Gymnasium;Potsdam-Mittelmark;PM
120571;Wolkenberg-Gymnasium;Potsdam-Mittelmark;PM
120996;Immanuel-Kant-Gymnasium;Potsdam-Mittelmark;PM
121277;Evangelisches Gymnasium Kleinmachnow anerkannte Ersatzschule;Potsdam-Mittelmark;PM
121290;Vicco-von-B�low-Gymnasium;Potsdam-Mittelmark;PM
130539;Grund- und Oberschule Carl von Ossietzky;Potsdam-Mittelmark;PM
160027;Evangelische Gesamtschule Kleinmachnow Ganztagsschule - anerkannte Ersatzschule;Potsdam-Mittelmark;PM
160039;Gesamtschule Treuenbrietzen;Potsdam-Mittelmark;PM
160040;Grace-Hopper-Gesamtschule;Potsdam-Mittelmark;PM
160106;Evangelische Gesamtschule Werder -genehmigte Ersatzschule-;Potsdam-Mittelmark;PM
180348;Freie Oberschule Fl�ming - genehmigte Ersatzschule -;Potsdam-Mittelmark;PM
180439;Loris Oberschule - genehmigte Ersatzschule;Potsdam-Mittelmark;PM
190160;Schule des Lebens Potsdam, Oberschule mit integrierter Grundschule als genehmigte Ersatzschule in freier Tr�gerschaft;Potsdam-Mittelmark;PM
200311;Oberstufenzentrum I Technik des Landkreises Potsdam-Mittelmark;Potsdam-Mittelmark;PM
200323;Oberstufenzentrum Werder des Landkreises Potsdam-Mittelmark;Potsdam-Mittelmark;PM
200876;Berufliche Schule f�r Hotellerie und Gastronomie des Ausbildungsverbunds Teltow e.V.;Potsdam-Mittelmark;PM
330188;Berufliche Schule f�r Sozialwesen, anerk. Fachschule f�r Sozialwesen, anerk. Berufsfachschule f. Soziales;Potsdam-Mittelmark;PM
400300;"Schule Am Gr�nen Grund Schule mit dem sonderp�dagogischen F�rderschwerpunkt ""geistige Entwicklung""";Potsdam-Mittelmark;PM
400828;"Schule am Plessower See - Schule mit dem sonderp�dagogischen F�rderschwerpunkt ""Lernen""";Potsdam-Mittelmark;PM
400841;"""Schule am Schleusenweg"" Schule mit dem sonderp�dagogischen F�rderschwerpunkt ""Lernen""";Potsdam-Mittelmark;PM
401109;"Hans-Christian-Andersen-Schule Schule mit dem sonderp�dagogischen F�rderschwerpunkt ""geistige Entwicklung""";Potsdam-Mittelmark;PM
401122;"Schule am Norberthaus gGmbH Schule mit dem sonderp�d. F�rderschwerpunkt ""geistige Entwicklung"" anerkannte Ersatzschule";Potsdam-Mittelmark;PM
401468;F�rderschule f�r Erziehungshilfe Geltow;Potsdam-Mittelmark;PM
700034;Freie Waldorfschule Kleinmachnow;Potsdam-Mittelmark;PM
700058;Freie Waldorfschule Werder (Havel) Christian Morgenstern;Potsdam-Mittelmark;PM
100341;Grundschule Zossen/Dabendorf;Teltow-Fl�ming;TF
100419;Ingeborg-Feustel-Grundschule;Teltow-Fl�ming;TF
100420;Schulzentrum Baruther Urstromtal Grundschule Baruth/Mark;Teltow-Fl�ming;TF
100432;Wilhelm-Busch-Grundschule Blankenfelde;Teltow-Fl�ming;TF
100456;Grundschule Glienick;Teltow-Fl�ming;TF
100481;Gebr�der-Grimm-Grundschule Ludwigsfelde;Teltow-Fl�ming;TF
100493;Theodor-Fontane-Grundschule Ludwigsfelde;Teltow-Fl�ming;TF
100511;Kleeblatt-Grundschule Ludwigsfelde;Teltow-Fl�ming;TF
100535;"Grundschule ""Herbert Tsch�pe"" Mahlow";Teltow-Fl�ming;TF
100547;Astrid-Lindgren-Grundschule;Teltow-Fl�ming;TF
100560;Grundschule am Mellensee;Teltow-Fl�ming;TF
100572;Grundschule Rangsdorf;Teltow-Fl�ming;TF
100584;Anne Frank-Grundschule;Teltow-Fl�ming;TF
100596;Erich K�stner Grundschule W�nsdorf/OT Waldstadt;Teltow-Fl�ming;TF
103111;Ludwig-Achim-von-Arnim-Grundschule Werbig;Teltow-Fl�ming;TF
103172;Lindenschule (GS);Teltow-Fl�ming;TF
103196;"Grundschule ""Geschwister Scholl""";Teltow-Fl�ming;TF
103202;"Grundschule ""Thomas M�ntzer""";Teltow-Fl�ming;TF
103226;"Grundschule ""Am Pekenberg"" Verl�ssliche Halbtagsgrundschule Z�lichendorf";Teltow-Fl�ming;TF
103238;Grundschule St�lpe;Teltow-Fl�ming;TF
103251;Grundschule Trebbin;Teltow-Fl�ming;TF
103287;Friedrich-Ludwig-Jahn-Grundschule;Teltow-Fl�ming;TF
103299;Ernst-Moritz-Arndt Grundschule Luckenwalde;Teltow-Fl�ming;TF
103305;Friedrich-Ebert-Grundschule;Teltow-Fl�ming;TF
103317;Grundschule Blankensee;Teltow-Fl�ming;TF
104425;Max Wald Grundschule Dahme/Mark;Teltow-Fl�ming;TF
106409;Evangelische Grundschule J�terbog - anerkannte Ersatzschule;Teltow-Fl�ming;TF
106537;Evangelische Grundschule Mahlow - anerkannte Ersatzschule;Teltow-Fl�ming;TF
106628;Grundschule Gro� Machnow;Teltow-Fl�ming;TF
106835;Die Kraniche - Montessori-Naturschule - genehmigte Ersatzgrundschule -;Teltow-Fl�ming;TF
106847;2. Neue Grundschule;Teltow-Fl�ming;TF
106859;"Grundschule ""Im Kiefernwald""";Teltow-Fl�ming;TF
110346;Otfried-Preu�ler-Schule Grund- und Oberschule Gro�beeren;Teltow-Fl�ming;TF
110360;"Oberschule ""Herbert Tsch�pe"" Blankenfelde-Mahlow";Teltow-Fl�ming;TF
110383;Goetheschule Zossen Grundschule;Teltow-Fl�ming;TF
110395;Geschwister-Scholl-Schule Zossen Gesamtschule mit gymnasialer Oberstufe Zossen OT Dabendorf;Teltow-Fl�ming;TF
111934;Wiesenschule Oberschule J�terbog;Teltow-Fl�ming;TF
111995;Friedrich-Ludwig-Jahn-Oberschule Schule mit Sportspezialklassen;Teltow-Fl�ming;TF
112495;Otto-Unverdorben-Oberschule Dahme/Mark;Teltow-Fl�ming;TF
113347;Goetheoberschule Trebbin;Teltow-Fl�ming;TF
120080;Marie-Curie-Gymnasium Ludwigsfelde Landkreis Teltow-Fl�ming;Teltow-Fl�ming;TF
120091;Fontane-Gymnasium Landkreis Teltow-Fl�ming Sitz Rangsdorf;Teltow-Fl�ming;TF
120522;Goethe-Schiller-Gymnasium;Teltow-Fl�ming;TF
120534;Friedrich-Gymnasium Luckenwalde;Teltow-Fl�ming;TF
121058;Kopernikus-Gymnasium Blankenfelde;Teltow-Fl�ming;TF
121101;Freies Gymnasium Rangsdorf Internationale Ganztagsschule mit Internat am See;Teltow-Fl�ming;TF
130059;Oberschule Rangsdorf;Teltow-Fl�ming;TF
130060;COMENIUS-SCHULE berufsorientierende Oberschule W�nsdorf;Teltow-Fl�ming;TF
160090;Gottlieb-Daimler-Schule Gesamtschule mit gymnasialer Oberstufe;Teltow-Fl�ming;TF
180038;Freie Oberschule Baruth anerkannte Ersatzschule;Teltow-Fl�ming;TF
180210;Seeoberschule Rangsdorf anerkannte Ersatzschule;Teltow-Fl�ming;TF
180397;Oberschule Ludwigsfelde;Teltow-Fl�ming;TF
200300;Oberstufenzentrum Landkreis Teltow-Fl�ming;Teltow-Fl�ming;TF
400117;"Schule am Wald Schule mit dem sonderp�dagogischen F�rderschwerpunkt ""geistige Entwicklung""";Teltow-Fl�ming;TF
400129;"""Mosaik-Schule"" Ludwigsfelde Schule mit dem sonderp�dagogischen F�rderschwerpunkt ""Lernen""";Teltow-Fl�ming;TF
400130;"Schule am Waldblick Schule mit dem sonderp�dagogischen F�rderschwerpunkt ""Lernen""";Teltow-Fl�ming;TF
400804;"Kastanienschule Schule mit dem sonderp�dagogischen F�rderschwerpunkt ""geistige Entwicklung""";Teltow-Fl�ming;TF
400816;"J. H. Pestalozzi Schule mit dem sonderp�dagogischen F�rderschwerpunkt ""Lernen""";Teltow-Fl�ming;TF
640232;Volkshochschule des Landkreises Teltow-Fl�ming Gesch�ftsstelle Luckenwalde;Teltow-Fl�ming;TF
100780;Europaschule Regine Hildebrandt Grundschule Cottbus;Cottbus;CB
100833;Christoph-Kolumbus-Grundschule Cottbus;Cottbus;CB
100845;"8. Grundschule ""Carl Blechen"" Cottbus";Cottbus;CB
100894;Erich K�stner Grundschule Cottbus;Cottbus;CB
100912;Europaschule Wilhelm-Nevoigt-Grundschule Cottbus;Cottbus;CB
100924;Sportbetonte Grundschule Cottbus;Cottbus;CB
100948;Fr�bel-Grundschule Cottbus;Cottbus;CB
100961;Astrid-Lindgren-Grundschule Cottbus;Cottbus;CB
101710;Umweltschule Dissenchen;Cottbus;CB
101758;Reinhard Lakomy Grundschule Gro� Gaglow;Cottbus;CB
101760;Lutki - Grundschule;Cottbus;CB
105971;UNESCO-Projektschule Cottbus 21. Grundschule;Cottbus;CB
106100;Evangelische Gottfried-Forck-Grundschule anerkannte Ersatzschule;Cottbus;CB
106550;Bewegte Grundschule Cottbus -anerkannte Ersatzschule-;Cottbus;CB
106926;"Grundschule ""Am Brunschwigpark""";Cottbus;CB
106975;Evangelische Grundschule Kahren - genehmigte Ersatzschule -;Cottbus;CB
110516;Theodor-Fontane-Gesamtschule mit GOST Cottbus;Cottbus;CB
110553;Lausitzer Sportschule Cottbus Gesamtschule mit gymnasialer Oberstufe;Cottbus;CB
110565;Sachsendorfer Oberschule Cottbus;Cottbus;CB
110619;Paul-Werner-Oberschule Cottbus;Cottbus;CB
120133;Humboldt-Gymnasium Europaschule;Cottbus;CB
120145;Ludwig-Leichhardt-Gymnasium;Cottbus;CB
120157;Niedersorbisches Gymnasium Cottbus;Cottbus;CB
120236;Max-Steenbeck-Gymnasium Schule  mit erweiterter mathematisch -naturwissenschaftlich -technischer Ausbildung;Cottbus;CB
121320;Evangelische Schule Cottbus Gymnasium - anerkannte Ersatzschule -;Cottbus;CB
180300;Schmellwitzer Oberschule;Cottbus;CB
180361;Oberschule am Weinberg � genehmigte Ersatzschule �;Cottbus;CB
200116;Oberstufenzentrum Cottbus;Cottbus;CB
200839;Berufsschule des Gemeinn�tzigen Berufsbildungsvereins Guben e.V. Ersatzschule mit anerkannten Bildungsg�ngen der Berufsschule;Cottbus;CB
330190;Berufliche Schule f�r Sozialwesen der DEB in Brandenburg gemeinn�tzige Schultr�ger-GmbH - anerkannte Ersatzschule -;Cottbus;CB
400191;"Schule mit dem sonderp�dagogischen F�rderschwerpunkt ""geistige Entwicklung"" Spreeschule";Cottbus;CB
401470;Bauhausschule - Grundschule und Schule mit dem sonderp�dagogischen F�rderschwerpunkt k�rperlich-motorische Entwicklung;Cottbus;CB
610021;Schule des Zweiten Bildungsweges Cottbus;Cottbus;CB
700010;Freie Waldorfschule Cottbus-genehmigte Ersatzschule bis Jahrgangsstufe 13 - anerkannte Ersatzschule f�r die Jahrgangsstufen 1 bis 12;Cottbus;CB
101990;Liuba-Grundschule;Dahme-Spreewald;LDS
102003;Friedrich-Ludwig-Jahn-Grundschule L�bben;Dahme-Spreewald;LDS
102027;COMENIUS Grundschule Lieberose;Dahme-Spreewald;LDS
102039;ALLEGRO GRUNDSCHULE GR�DITSCH;Dahme-Spreewald;LDS
102052;Grundschule Sch�nwalde;Dahme-Spreewald;LDS
104383;Grundschule Walddrehna;Dahme-Spreewald;LDS
104413;Grundschule Gol�en;Dahme-Spreewald;LDS
104437;"Grundschule ""Rosa Luxemburg""";Dahme-Spreewald;LDS
104619;Grundschule Bestensee;Dahme-Spreewald;LDS
104620;Humboldt-Grundschule;Dahme-Spreewald;LDS
104632;Paul-Maar-Grundschule;Dahme-Spreewald;LDS
104644;Grundschule Erich K�stner;Dahme-Spreewald;LDS
104668;"Grundschule ""Wilhelm Busch""";Dahme-Spreewald;LDS
104693;Grundschule Mittenwalde;Dahme-Spreewald;LDS
104700;Grundschule Prieros Naturparkschule im Naturpark Dahme-Heideseen;Dahme-Spreewald;LDS
104711;Malven-Grundschule;Dahme-Spreewald;LDS
104723;Grundschule am Krimnicksee;Dahme-Spreewald;LDS
104735;Grundschule T�pchin;Dahme-Spreewald;LDS
104747;"Grundschule ""Teupitz am See""";Dahme-Spreewald;LDS
104759;Grundschule Wildau;Dahme-Spreewald;LDS
104760;Grundschule Zeesen;Dahme-Spreewald;LDS
104772;Grundschule Zernsdorf;Dahme-Spreewald;LDS
104784;Grundschule am Wald Zeuthen;Dahme-Spreewald;LDS
105910;"Grundschule ""Fontane"" Niederlehme/Wernsdorf";Dahme-Spreewald;LDS
105934;Astrid-Lindgren-Grundschule;Dahme-Spreewald;LDS
106392;Evangelische Grundschule L�bben -anerkannte Ersatzschule-;Dahme-Spreewald;LDS
106630;Montessori Grundschule K�nigs Wusterhausen der FAWZ gGmbH genehmigte Ersatzschule;Dahme-Spreewald;LDS
106641;Grundschule Villa Elisabeth Pestalozzischule -anerkannte Ersatzschule-;Dahme-Spreewald;LDS
106999;Interkommunale Grundschule Sch�nefeld/Schulzendorf Standort Schulzendorf;Dahme-Spreewald;LDS
111090;Spreewald-Schule L�bben Oberschule;Dahme-Spreewald;LDS
111120;Von-Houwald-Grundschule Straupitz;Dahme-Spreewald;LDS
112513;"""Oberschule  An der Schanze"" Luckau";Dahme-Spreewald;LDS
112586;Oberschule am Airport Sch�nefeld;Dahme-Spreewald;LDS
112616;Grund- und Gesamtschule Schenkenland Gro� K�ris;Dahme-Spreewald;LDS
112628;Grund- und Oberschule Friedersdorf;Dahme-Spreewald;LDS
112630;Musikbetonte Gesamtschule Paul Dessau Zeuthen;Dahme-Spreewald;LDS
112665;Elisabeth-von-Schlieben-Grundschule;Dahme-Spreewald;LDS
113499;Gesamtschule mit gymnasialer Oberstufe K�nigs Wusterhausen der FAWZ gGmbH - anerkannte Ersatzschule;Dahme-Spreewald;LDS
120352;Paul-Gerhardt-Gymnasium L�bben;Dahme-Spreewald;LDS
120674;Bohnstedt-Gymnasium Luckau;Dahme-Spreewald;LDS
120698;Friedrich-Wilhelm-Gymnasium;Dahme-Spreewald;LDS
120704;Friedrich-Schiller-Gymnasium;Dahme-Spreewald;LDS
120716;Humboldt-Gymnasium;Dahme-Spreewald;LDS
121034;Gymnasium Villa Elisabeth - anerkannte Ersatzschule - Schule mit internation. Ausrichtung;Dahme-Spreewald;LDS
121319;Evangelische Schule Sch�nefeld - Gymnasium - anerkannte Ersatzschule -;Dahme-Spreewald;LDS
121368;Amy-Johnson-Gymnasium;Dahme-Spreewald;LDS
130679;Ludwig-Witth�ft-Oberschule Wildau;Dahme-Spreewald;LDS
160052;Gesamtschule Otto Lilienthal K�nigs Wusterhausen;Dahme-Spreewald;LDS
180026;Ludwig Leichhardt Oberschule des Amtes Lieberose/Oberspreewald;Dahme-Spreewald;LDS
180142;Jean-Itard-Ersatzschule Integrative Oberschule - genehmigte Ersatzschule -;Dahme-Spreewald;LDS
180245;Gesamtschule Villa Elisabeth mit gymnasialer Oberstufe - Schule in freier Tr�gerschaft - anerkannte Ersatzschule -;Dahme-Spreewald;LDS
180403;Oberschule Bestensee;Dahme-Spreewald;LDS
200335;Oberstufenzentrum Dahme-Spreewald;Dahme-Spreewald;LDS
400490;"Schule der Lebensfreude Schule mit dem sonderp�dagogischen F�rderschwerpunkt ""geistige Entwicklung""";Dahme-Spreewald;LDS
400518;"Schule am Neuhaus Schule mit dem sonderp�dagogischen F�rderschwerpunkt ""Lernen""";Dahme-Spreewald;LDS
401043;"Schule am Sonnenhof Schule mit dem sonderp�dagogischen F�rderschwerpunkt ""geistige Entwicklung""";Dahme-Spreewald;LDS
401055;"Dahmeland-Schule K�nigs Wusterhausen Schule mit dem sonderp�dagogischen F�rderschwerpunkt ""Lernen""";Dahme-Spreewald;LDS
401067;"Marie-und-Hermann-Schmidt-Schule Schule mit dem sonderp�dagogischen F�rderschwerpunkt ""Sehen""";Dahme-Spreewald;LDS
401079;"Schule am Zemminsee F�rderschwerpunkt ""emotionale und soziale Entwicklung""";Dahme-Spreewald;LDS
620014;Schule des Zweiten Bildungsweges Dahme-Spreewald;Dahme-Spreewald;LDS
700071;Freie Waldorfschule Zeuthen - staatlich genehmigte Ersatzschule -;Dahme-Spreewald;LDS
101886;Friedrich-Starke-Grundschule Elsterwerda;Elbe-Elster;EE
101928;Hans Nadler Grundschule Gr�den;Elbe-Elster;EE
101953;Grundschule Pr�sen;Elbe-Elster;EE
102167;Astrid-Lindgren-Grundschule Falkenberg/Elster;Elbe-Elster;EE
102180;Elsterlandgrundschule Herzberg;Elbe-Elster;EE
102192;Grundschule Hohenbucko;Elbe-Elster;EE
103810;Grundschule Sonnewalde;Elbe-Elster;EE
103822;Grundschule R�ckersdorf;Elbe-Elster;EE
103883;Grundschule Nord Finsterwalde;Elbe-Elster;EE
103925;Berg-Grundschule Doberlug-Kirchhain;Elbe-Elster;EE
103937;Heinz-Sielmann-Grundschule Crinitz;Elbe-Elster;EE
103950;Grundschule Stadtmitte Finsterwalde;Elbe-Elster;EE
103962;Grundschule Finsterwalde-Nehesdorf;Elbe-Elster;EE
105788;Grundschulzentrum Robert Reiss Bad Liebenwerda;Elbe-Elster;EE
106094;Evangelische Schraden-Grundschule - anerkannte Ersatzschule;Elbe-Elster;EE
106197;Evangelische Grundschule Tr�bitz anerkannte Ersatzschule;Elbe-Elster;EE
106318;Evangelische Grundschule Finsterwalde anerkannte Ersatzschule;Elbe-Elster;EE
106525;Evangelische Katharina von Bora Grundschule Trebbus - anerkannte Ersatzschule;Elbe-Elster;EE
111028;Elsterschulzentrum Primarstufe & Sekundarstufe I;Elbe-Elster;EE
111030;Goethe-Grundschule Hohenleipisch-Plessa;Elbe-Elster;EE
111065;Grundschule M�hlberg/Elbe;Elbe-Elster;EE
111077;"Grundschule ""An den Finkenbergen""";Elbe-Elster;EE
111089;"Grundschule ""Erich Schindler"" Wahrenbr�ck";Elbe-Elster;EE
111200;Grund- und Oberschule I Johannes Clajus Herzberg;Elbe-Elster;EE
111211;Oberschule mit Grundschule Ernst Legal Schlieben;Elbe-Elster;EE
111235;"Grundschule ""Otto Nagel"" Sch�newalde";Elbe-Elster;EE
112288;Oscar-Kjellberg-Oberschule;Elbe-Elster;EE
120340;Elsterschloss-Gymnasium;Elbe-Elster;EE
120388;Philipp-Melanchthon-Gymnasium Herzberg;Elbe-Elster;EE
120881;S�ngerstadt-Gymnasium Finsterwalde;Elbe-Elster;EE
121186;Evangelisches Gymnasium Doberlug-Kirchhain anerkannte Ersatzschule;Elbe-Elster;EE
130280;Robert-Reiss-Oberschule Schule mit berufsfeldorientiertem Unterricht;Elbe-Elster;EE
130310;Oberschule Falkenberg;Elbe-Elster;EE
130606;Grund- und Oberschule Massen;Elbe-Elster;EE
130916;"Oberschule Pr�sen ""Aktive Entwicklungsschule"" - anerkannte Ersatzschule -";Elbe-Elster;EE
180051;Evangelische Gemeinschaftsschule Doberlug-Kirchhain staatlich anerkannte Ersatzschule;Elbe-Elster;EE
200141;Oberstufenzentrum Elbe-Elster;Elbe-Elster;EE
400464;"""Stark f�rs Leben"" - Schule mit dem sonderp�dagogischen F�rderschwerpunkt geistige Entwicklung";Elbe-Elster;EE
400476;"Schule mit dem sonderp�dagogischen F�rderschwerpunkt ""Lernen"" Elsterwerda";Elbe-Elster;EE
400543;"Schule mit dem sonderp�dagogischen F�rderschwerpunkt ""Lernen"" Christian Gotthilf Salzmann Herzberg";Elbe-Elster;EE
400555;"Schule mit dem sonderp�dagogischen F�rderschwerpunkt ""geistige Entwicklung"" Albert Schweitzer";Elbe-Elster;EE
400932;"Schule mit dem sonderp�dagogischen F�rderschwerpunkt ""Lernen"" Finsterwalde";Elbe-Elster;EE
400944;"Schule mit dem sonderp�dagogischen F�rderschwerpunkt ""geistige Entwicklung"" Sieben Brunnen Finsterwalde";Elbe-Elster;EE
640153;Kreisvolkshochschule des Landkreises Elbe-Elster;Elbe-Elster;EE
100171;Jenaplan-Grundschule;Oberspreewald-Lausitz;OSL
100183;Lilien-Grundschule Altd�bern;Oberspreewald-Lausitz;OSL
100213;Traugott-Hirschberger-Grundschule;Oberspreewald-Lausitz;OSL
100237;Werner-Seelenbinder-Grundschule;Oberspreewald-Lausitz;OSL
100250;Lindengrundschule Missen;Oberspreewald-Lausitz;OSL
104103;GutsMuths-Grundschule Gro�r�schen;Oberspreewald-Lausitz;OSL
104115;Pestalozzi-Grundschule Gro�r�schen;Oberspreewald-Lausitz;OSL
104176;Linden-Grundschule;Oberspreewald-Lausitz;OSL
104188;Regenbogen-Grundschule Senftenberg;Oberspreewald-Lausitz;OSL
104206;Grundschule am See Senftenberg;Oberspreewald-Lausitz;OSL
104220;Waldschule Lauchhammer-Ost - Grundschule -;Oberspreewald-Lausitz;OSL
104255;Grundschule Schwarzheide-Wandelhof;Oberspreewald-Lausitz;OSL
104280;Grundschule AM SCHLOSS Gro�kmehlen;Oberspreewald-Lausitz;OSL
105715;Gartenschule Lauchhammer-West - Grundschule -;Oberspreewald-Lausitz;OSL
105880;"Grundschule ""Paul Noack""";Oberspreewald-Lausitz;OSL
106598;Georg Heinsius von Mayenburg Grundschule anerkannte Ersatzschule;Oberspreewald-Lausitz;OSL
110127;Grund- und Oberschule Calau;Oberspreewald-Lausitz;OSL
112367;Friedrich-Hoffmann-Oberschule Gro�r�schen;Oberspreewald-Lausitz;OSL
112379;Bernhard-Kellermann-Oberschule Senftenberg;Oberspreewald-Lausitz;OSL
112409;Karl-Eduard von Lingenthal-Oberschule Ortrand mit integrierter Grundschule Europaschule;Oberspreewald-Lausitz;OSL
112410;Geschwister-Scholl-Oberschule mit Grundschule Ruhland;Oberspreewald-Lausitz;OSL
112434;"Oberschule ""Am Wehlenteich"" Lauchhammer";Oberspreewald-Lausitz;OSL
112458;Freifrau-von-L�wendal-Grundschule -Europaschule-;Oberspreewald-Lausitz;OSL
113165;"Grundschule ""Blauer Planet"" Annah�tte";Oberspreewald-Lausitz;OSL
113177;Grundschule Guteborn;Oberspreewald-Lausitz;OSL
113244;"Oberschule mit Grundschulteil Schulzentrum ""Dr. Albert Schweitzer"" Vetschau/Spreewald";Oberspreewald-Lausitz;OSL
120054;Paul-Fahlisch-Gymnasium L�bbenau;Oberspreewald-Lausitz;OSL
120649;Friedrich-Engels-Gymnasium;Oberspreewald-Lausitz;OSL
120662;SeeCampus Niederlausitz Emil-Fischer-Gymnasium;Oberspreewald-Lausitz;OSL
130023;"Oberschule ""Ehm Welk"" L�bbenau/Spreewald";Oberspreewald-Lausitz;OSL
130643;Dr.-Otto-Rindt-Oberschule Senftenberg;Oberspreewald-Lausitz;OSL
200025;Oberstufenzentrum Lausitz;Oberspreewald-Lausitz;OSL
330164;Berufliche Schule der Arbeiterwohlfahrt AWO BV Brandenburg S�d e.V.;Oberspreewald-Lausitz;OSL
330218;Berufl. Schule f. Sozialwesen der HEC Lauchhammer FS f. Sozialwesen mit den anerk. FR Heilerz.pfl. und Sozialp�d. anerk. BFS f. Soziales;Oberspreewald-Lausitz;OSL
400063;"Schule mit dem sonderp�dagogischen F�rderschwerpunkt ""Lernen"" J. H. Pestalozzi";Oberspreewald-Lausitz;OSL
400075;"Schule mit dem sonderp�dagogischen F�rderschwerpunkt ""geistige Entwicklung""";Oberspreewald-Lausitz;OSL
400981;"Schule mit dem sonderp�dagogischen F�rderschwerpunkt ""Lernen"" ""Marianne Seidel""";Oberspreewald-Lausitz;OSL
401377;"Hand in Hand Schule mit dem sonderp�dagogischen F�rderschwerpunkt ""geistige Entwicklung""";Oberspreewald-Lausitz;OSL
640372;Kreisvolkshochschule Oberspreewald-Lausitz Zweiter Bildungsweg;Oberspreewald-Lausitz;OSL
100020;Grundschule Forst Mitte;Spree-Nei�e;SPN
100043;Grundschule Keune;Spree-Nei�e;SPN
100067;Grundschule Nordstadt;Spree-Nei�e;SPN
101175;"Grundschule Welzow ""Johann Wolfgang von Goethe""";Spree-Nei�e;SPN
101187;Grundschule Geschwister Scholl;Spree-Nei�e;SPN
101205;Grundschule Kollerberg;Spree-Nei�e;SPN
101229;Heidegrundschule;Spree-Nei�e;SPN
101230;Astrid-Lindgren-Grundschule;Spree-Nei�e;SPN
101679;Mosaik-Grundschule Peitz;Spree-Nei�e;SPN
101734;Grundschule Kolkwitz;Spree-Nei�e;SPN
101746;Grundschule Krieschow;Spree-Nei�e;SPN
101771;Schiebell-Grundschule;Spree-Nei�e;SPN
101825;Corona-Schr�ter-Grundschule;Spree-Nei�e;SPN
101850;Friedensschule Grundschule;Spree-Nei�e;SPN
101862;KRABAT Grundschule J�nschwalde;Spree-Nei�e;SPN
105790;Grundschule Laubsdorf;Spree-Nei�e;SPN
106290;Evangelische Grundschule Gro� K�lzig genehmigte Ersatzschule;Spree-Nei�e;SPN
106380;"ASF-GRUNDSCHULE ""Lausitzer Haus des Lernens"" Spremberg anerkannte Ersatzschule";Spree-Nei�e;SPN
106434;Evangelische Grundschule Forst anerkannte Ersatzschule;Spree-Nei�e;SPN
106707;Archimedes Grundschule Forst - genehmigte Ersatzschule -;Spree-Nei�e;SPN
107050;Freie Alternativschule Lausitz - genehmigte Ersatzgrundschule;Spree-Nei�e;SPN
110012;Gutenberg Oberschule Forst;Spree-Nei�e;SPN
110024;Praxisorientierte Grund- und Oberschule Germanus Theiss;Spree-Nei�e;SPN
110929;Grundschule Mato Kosyk;Spree-Nei�e;SPN
110942;Oberschule Peitzer Land;Spree-Nei�e;SPN
110954;"Grund- und Oberschule ""Mina Witkojc"" Burg (Spreewald)";Spree-Nei�e;SPN
110980;Gr�ne Grundschule Grano;Spree-Nei�e;SPN
110991;"Europaschule ""Marie & Pierre Curie"" Oberschule";Spree-Nei�e;SPN
120017;Friedrich-Ludwig-Jahn-Gymnasium;Spree-Nei�e;SPN
120200;Erwin-Strittmatter-Gymnasium;Spree-Nei�e;SPN
120327;Pestalozzi-Gymnasium;Spree-Nei�e;SPN
120947;P�ckler-Gymnasium Cottbus;Spree-Nei�e;SPN
130187;Berufsorientierende Oberschule Spremberg;Spree-Nei�e;SPN
160076;Gesamtschule Spree-Nei�e;Spree-Nei�e;SPN
200013;Oberstufenzentrum 1 des Landkreises Spree-Nei�e;Spree-Nei�e;SPN
200098;Oberstufenzentrum II des Landkreises Spree-Nei�e;Spree-Nei�e;SPN
400282;"Georgenbergschule Schule mit dem sonderp�dagogischen F�rderschwerpunkt ""Lernen""";Spree-Nei�e;SPN
400294;"""Wiesenwegschule"" Schule mit dem sonderp�dagogischen F�rderschwerpunkt ""geistige Entwicklung""";Spree-Nei�e;SPN
401420;"Wichernschule Schule mit dem sonderp�dagogischen F�rderschwerpunkt ""geistige Entwicklung""";Spree-Nei�e;SPN
640013;Kreisvolkshochschule des Landkreises Spree-Nei�e Hauptsitz Forst/Lausitz;Spree-Nei�e;SPN
102283;Grundschule an der Hasenheide;Barnim;BAR
102295;Grundschule Zepernick;Barnim;BAR
102301;Grundschule Klosterfelde;Barnim;BAR
102337;Georg-Rollenhagen-Grundschule;Barnim;BAR
102349;Grundschule Am Pfefferberg;Barnim;BAR
102362;Grundschule Marienwerder;Barnim;BAR
102374;Grundschule Sch�now;Barnim;BAR
102398;Grundschule im Rosenpark;Barnim;BAR
102416;Grundschule am Blumenhag;Barnim;BAR
105557;Bruno-H.-B�rgel-Grundschule;Barnim;BAR
105594;Grundschule Finow;Barnim;BAR
105636;Grundschule Schw�rzesee;Barnim;BAR
105661;Grundschule Gr�ntal;Barnim;BAR
105764;Grundschule Wandlitz;Barnim;BAR
106033;Freie Montessorischule Barnim Grundschule;Barnim;BAR
106070;Kinderakademie Evangelische Grundschule;Barnim;BAR
106150;Montessorischule Niederbarnim Grundschule anerkannte Ersatzschule;Barnim;BAR
106604;Evangelische Grundschule Bernau Staatlich anerkannte Ersatzschule;Barnim;BAR
106690;Grundschule an der Panke genehmigte Ersatzschule;Barnim;BAR
106800;Grundschule Lindenberg;Barnim;BAR
106811;"Freie Grundschule - ""Dorfschule Lunow"" - genehmigte Ersatzschule -";Barnim;BAR
111302;Grundschule Basdorf;Barnim;BAR
111314;Schule am Kirschgarten;Barnim;BAR
111338;Europaschule Werneuchen;Barnim;BAR
111340;"Gesamtschule ""Wilhelm Conrad R�ntgen"" Zepernick";Barnim;BAR
113074;Grundschule Oderberg;Barnim;BAR
113086;"""Georg-B�chner-Grundschule""";Barnim;BAR
113098;Schule Finowfurt;Barnim;BAR
113104;Max-Kienitz-Grundschule;Barnim;BAR
113116;Grundschule Lichterfelde;Barnim;BAR
113130;Karl-Sellheim-Schule;Barnim;BAR
113219;Grundschule Gro� Sch�nebeck;Barnim;BAR
113475;Aristoteles-Gesamtschule Bernau Reformp�dagogische Gesamtschule anerkannte Ersatzschule;Barnim;BAR
120406;Paulus-Praetorius-Gymnasium Bernau bei Berlin;Barnim;BAR
120844;Alexander-von-Humboldt-Gymnasium;Barnim;BAR
120856;Gymnasium Finow;Barnim;BAR
120900;Gymnasium Wandlitz;Barnim;BAR
121071;Barnim-Gymnasium Bernau - Waldfrieden;Barnim;BAR
121083;Gymnasium Panketal Freie Stadtrandschule im Gr�nen anerkannte Ersatzschule;Barnim;BAR
121149;Jugendakademie Evangelisches Gymnasium anerkannte Ersatzschule;Barnim;BAR
121198;Freies Joachimsthaler Gymnasium anerkannte Ersatzschule;Barnim;BAR
121344;Humanistisches Privatgymnasium Blumberg anerkannte Ersatzschule;Barnim;BAR
130369;Oberschule Klosterfelde;Barnim;BAR
130370;Grund- und Oberschule Schwanebeck;Barnim;BAR
130382;Tobias-Seiler-Oberschule;Barnim;BAR
130746;Johann-Wolfgang-von-Goethe-Schule;Barnim;BAR
180130;Oberbarnim-Oberschule anerkannte Ersatzschule;Barnim;BAR
180178;Freie Gesamtschule Finow - anerkannte Ersatzschule -;Barnim;BAR
180257;Private Oberschule Blumberg - genehmigte Ersatzschule - anerkannt in der Sekundarstufe I;Barnim;BAR
180294;Freie Naturschule Barnim - Oberschule mit integrierter Grundschule als genehmigte Ersatzschule in freier Tr�gerschaft;Barnim;BAR
180350;Oberschule Eberswalde;Barnim;BAR
180373;Freie Montessori Oberschule Barnim - genehmigte Ersatzschule -;Barnim;BAR
180440;Freie Waldstadtschule Eberswalde - genehmigte Ersatzschule, Einheitsschule mit Primarstufe und Sekundarstufe I;Barnim;BAR
190020;Oberschule mit Grundschule Ahrensfelde/OT Blumberg;Barnim;BAR
200402;Oberstufenzentrum I Barnim;Barnim;BAR
200463;Oberstufenzentrum II Barnim;Barnim;BAR
200530;Oberbarnim-Schule Berufliche Schule d. Berufsbildungs- vereins Eberswalde e.V.;Barnim;BAR
200591;Berufliche Schule Buckow Ersatzschule mit anerkannten Bildungsg�ngen der Berufsschule;Barnim;BAR
200918;Private Fachoberschule Blumberg - anerkannte Ersatzschule -;Barnim;BAR
330097;Berufliche Schule der Hoffnungstaler Stiftung Lobetal Fachschule Sozialwesen, Berufsfachschule Soziales anerkannte Ersatzschule;Barnim;BAR
400580;"Johanna-Schule Schule mit dem sonderp�dagogischen F�rderschwerpunkt ""emotionale und soziale Entwicklung""";Barnim;BAR
400592;"Robinsonschule Schule mit dem sonderp�dagogischen F�rderschwerpunkt ""geistige Entwicklung""";Barnim;BAR
400609;"Schule im Nibelungenviertel Schule mit dem sonderp�dagogischen F�rderschwerpunkt ""Lernen""";Barnim;BAR
401316;"Nordend-Schule Schule mit dem sonderp�dagogischen F�rderschwerpunkt ""Lernen""";Barnim;BAR
401341;"M�rkische Schule Schule mit dem sonderp�dagogischen F�rderschwerpunkt ""geistige Entwicklung""";Barnim;BAR
640440;Kreisvolkshochschule Barnim;Barnim;BAR
102428;Friedensgrundschule;Frankfurt (Oder);FF
102465;Grundschule Am Botanischen Garten;Frankfurt (Oder);FF
102489;Grundschule Erich K�stner;Frankfurt (Oder);FF
106185;Evangelische Grundschule Frankfurt (Oder) anerkannte Ersatzschule;Frankfurt (Oder);FF
106719;meko-Grundschule Schule mit besonderer Medienkompetenz;Frankfurt (Oder);FF
111351;Sportschule Frankfurt(Oder) Gesamtschule mit gymnasialer Oberstufe;Frankfurt (Oder);FF
111405;Astrid-Lindgren-Grundschule;Frankfurt (Oder);FF
111430;Grundschule Mitte;Frankfurt (Oder);FF
111442;"Grundschule ""Lenn�""";Frankfurt (Oder);FF
111454;"Oberschule ""Ulrich von Hutten"" Frankfurt (Oder)";Frankfurt (Oder);FF
113220;"Grundschule ""Am M�hlenflie�""";Frankfurt (Oder);FF
120893;St�dtisches Gymnasium Carl Friedrich Gau� Mathematisch-naturwissenschaftlich-technische Spezialschule und MINT-Excellence-Center;Frankfurt (Oder);FF
121411;Evangelische Schule Frankfurt (Oder) - Gymnasium, genehmigte Ersatzschule;Frankfurt (Oder);FF
130394;"Oberschule ""Heinrich v. Kleist"" Frankfurt (Oder)";Frankfurt (Oder);FF
180415;Evangelische Schule Frankfurt (Oder) - Oberschule;Frankfurt (Oder);FF
200219;Konrad Wachsmann Oberstufenzentrum;Frankfurt (Oder);FF
400622;Lessingschule  Schule mit dem sonderp�d. F�rderschwerpunkt Lernen;Frankfurt (Oder);FF
400658;"Hansa-Schule Schule mit dem sonderp�d. F�rderschwerpunkt ""geistige Entwicklung""";Frankfurt (Oder);FF
640177;Volkshochschule der Stadt Frankfurt;Frankfurt (Oder);FF
700022;Freie Waldorfschule Frankfurt (Oder);Frankfurt (Oder);FF
800028;St�dtisches Gymnasium I Frankfurt (Oder) Karl-Liebknecht-Gymnasium Europaschule * UNESCO-Projektschule;Frankfurt (Oder);FF
100122;Insel-Grundschule Neuenhagen;M�rkisch-Oderland;MOL
100146;"Grundschule ""K�the Kollwitz""";M�rkisch-Oderland;MOL
100158;"Grundschule ""Alex Wedding""";M�rkisch-Oderland;MOL
100973;Vier-Jahreszeiten-Grundschule Fredersdorf-Vogelsdorf;M�rkisch-Oderland;MOL
100997;Grundschule Eggersdorf;M�rkisch-Oderland;MOL
101000;Fred-Vogel-Grundschule;M�rkisch-Oderland;MOL
101023;Gebr�der-Grimm-Grundschule;M�rkisch-Oderland;MOL
101035;Grundschule M�ncheberg;M�rkisch-Oderland;MOL
101047;Grundschule am Schwanenteich;M�rkisch-Oderland;MOL
101059;Goethe-Grundschule Neuenhagen;M�rkisch-Oderland;MOL
101060;Hans-Fallada-Grundschule;M�rkisch-Oderland;MOL
101072;Grundschule Am Dorfanger;M�rkisch-Oderland;MOL
101096;Hegerm�hlen-Grundschule;M�rkisch-Oderland;MOL
101102;Vorstadt-Grundschule;M�rkisch-Oderland;MOL
101126;"Grundschule ""Am Annatal""";M�rkisch-Oderland;MOL
101138;Grundschule am W�ldchen;M�rkisch-Oderland;MOL
101151;Grundschule Pr�tzel;M�rkisch-Oderland;MOL
104462;"""Schule im Gr�nen"" Verl�ssliche Halbtagsgrundschule Alt Zeschdorf";M�rkisch-Oderland;MOL
104474;"Grundschule Dolgelin ""Jozef Vervoort""";M�rkisch-Oderland;MOL
104504;Grundschule K�striner Vorland;M�rkisch-Oderland;MOL
104528;Grundschule Burgschule;M�rkisch-Oderland;MOL
104553;"Grundschule ""Am Windm�hlenberg""";M�rkisch-Oderland;MOL
104590;Grundschule Seelow;M�rkisch-Oderland;MOL
105909;"Grundschule ""Theodor Fontane""";M�rkisch-Oderland;MOL
106082;Katholische Schule St. Hedwig Grundschule;M�rkisch-Oderland;MOL
106288;Grundschule der bundtStift_Schulen anerkannte Ersatzschule;M�rkisch-Oderland;MOL
106744;Evangelische Johanniter-Schulen Wriezen - Grundschule anerkannte Ersatzschule;M�rkisch-Oderland;MOL
106860;Grundschule am Gruscheweg Neuenhagen bei Berlin;M�rkisch-Oderland;MOL
106963;Freie Schule M�ncheberg - Grundschule als genehmigte Ersatzschule in freier Tr�gerschaft;M�rkisch-Oderland;MOL
107025;Stadtschule Altlandsberg Grundschule;M�rkisch-Oderland;MOL
110048;Grundschule Altreetz;M�rkisch-Oderland;MOL
110061;"Grundschule ""Auf der H�he"" Heckelberg";M�rkisch-Oderland;MOL
110073;"Schulzentrum ""Am Friedensplatz"" Neutrebbin";M�rkisch-Oderland;MOL
110097;"Grund- und Oberschule ""Salvador Allende"" Wriezen";M�rkisch-Oderland;MOL
110620;Schulcampus Altlandsberg;M�rkisch-Oderland;MOL
110632;"Kneipp�-Grundschule ""Bertolt Brecht"" Buckow";M�rkisch-Oderland;MOL
110644;"Grundschule ""Am Stienitzsee""";M�rkisch-Oderland;MOL
110668;Grundschule Rehfelde;M�rkisch-Oderland;MOL
110670;Oberschule M�ncheberg;M�rkisch-Oderland;MOL
110693;Anne-Frank-Oberschule Strausberg;M�rkisch-Oderland;MOL
110711;Lise-Meitner-Oberschule Strausberg;M�rkisch-Oderland;MOL
111569;Grund- und Oberschule R�dersdorf;M�rkisch-Oderland;MOL
112525;"Grundschule "" Kinder von Golzow""";M�rkisch-Oderland;MOL
112549;Theodor-Fontane-Schule Letschin;M�rkisch-Oderland;MOL
112574;Bertolt-Brecht-Oberschule Seelow Ganztagsschule;M�rkisch-Oderland;MOL
113207;Peter Joseph Lenn� Oberschule mit Grundschulteil Hoppegarten;M�rkisch-Oderland;MOL
113402;Gesamtschule mit GOST Petershagen/Eggersdorf der FAWZ gGmbH anerkannte Ersatzschule;M�rkisch-Oderland;MOL
120030;"Gymnasium ""Bertolt Brecht""";M�rkisch-Oderland;MOL
120170;Einstein-Gymnasium Neuenhagen;M�rkisch-Oderland;MOL
120182;Theodor-Fontane-Gymnasium Strausberg;M�rkisch-Oderland;MOL
120443;Gymnasium Friedrich Anton von Heinitz;M�rkisch-Oderland;MOL
120686;Gymnasium auf den Seelower H�hen;M�rkisch-Oderland;MOL
121228;Gymnasium der bundtStift_Schulen anerkannte Ersatzschule;M�rkisch-Oderland;MOL
121241;Evangelische Johanniter-Schulen Wriezen - Gymnasium anerkannte Ersatzschule;M�rkisch-Oderland;MOL
121370;Freies Gymnasium Hoppegarten der ASG - Anerkannten Schulgesellschaft mbH - staatlich anerkannte Ersatzschule in der Sekundarstufe I;M�rkisch-Oderland;MOL
121393;Gymnasium Wriezener Stra�e;M�rkisch-Oderland;MOL
130163;Oberschule Fredersdorf;M�rkisch-Oderland;MOL
130825;Erna-und-Kurt-Kretschmann-Oberschule Bad Freienwalde;M�rkisch-Oderland;MOL
160088;Freie Gesamtschule Hoppegarten der ASG - Anerkannten Schulgesellschaft mbH - staatlich anerkannte Ersatzschule in der Sekundarstufe I;M�rkisch-Oderland;MOL
180014;Oberschule Neuenhagen bei Berlin mit berufsorientierendem Profil anerkannte Ersatzschule;M�rkisch-Oderland;MOL
180324;Oberschule der bundtStift_Schulen anerkannte Ersatzschule in freier Tr�gerschaft;M�rkisch-Oderland;MOL
180427;Montessori Oberschule Strausberg - genehmigte Ersatzschule;M�rkisch-Oderland;MOL
200190;Oberstufenzentrum M�rkisch-Oderland;M�rkisch-Oderland;MOL
200566;Berufliche Schule Neuenhagen Ersatzschule mit anerkannten Bildungsg�ngen der Berufsschule;M�rkisch-Oderland;MOL
400026;A.-Schweitzer-Schule Schule mit dem sonderp�d. F�rderschwerpunkt Lernen Bad Freienwalde;M�rkisch-Oderland;MOL
400038;"Laurentiusschule, Schule mit dem sonderp�dagogischen F�rderschwerpunkt ""geistige Entwicklung"" - anerkannte Ersatzschule -";M�rkisch-Oderland;MOL
400269;"Clara-Zetkin-Schule Schule mit dem sonderp�d. F�rderschwerpunkt ""Lernen"" Strausberg";M�rkisch-Oderland;MOL
400270;Schule am Amselsteg Schule mit dem sonderp�d. F�rderschwerpunkt geistige Entwicklung Neuenhagen;M�rkisch-Oderland;MOL
401020;Schule mit dem sonderp�d. F�rderschwerpunkt geistige Entwicklung Schule am Wald;M�rkisch-Oderland;MOL
401031;Kleeblatt-Schule Schule mit dem sonderp�dagogischen F�rderschwerpunkt Lernen;M�rkisch-Oderland;MOL
401407;Schule am Tornowsee - Schule mit dem sonderp�d. F�rderschwerpunkt emotionale und soziale Entwicklung Pritzhagen;M�rkisch-Oderland;MOL
640025;Volkshochschule M�rkisch-Oderland Gesch�ftsstelle Zweiter Bildungsweg Strausberg;M�rkisch-Oderland;MOL
102090;Grundschule an der Stadtmauer;Oder-Spree;LOS
102106;Fontane-Grundschule;Oder-Spree;LOS
102120;Ludwig-Leichhardt-Grundschule;Oder-Spree;LOS
102131;Rolf-Zuckowski-Grundschule;Oder-Spree;LOS
102222;"Grundschule ""J. W. von Goethe""";Oder-Spree;LOS
102258;Sch�nflie�er-Grundschule;Oder-Spree;LOS
102260;"Grundschule ""Erich Weinert""";Oder-Spree;LOS
102271;Astrid-Lindgren-Grundschule;Oder-Spree;LOS
102532;Grundschule am Fasanenwald;Oder-Spree;LOS
102556;Grundschule Ziltendorfer Niederung;Oder-Spree;LOS
102568;"Grundschule ""Bruno Hans B�rgel""";Oder-Spree;LOS
102570;Storchenschule;Oder-Spree;LOS
102623;Sigmund-J�hn-Grundschule;Oder-Spree;LOS
102635;Sonnengrundschule F�rstenwalde;Oder-Spree;LOS
102647;Gerhard-Go�mann-Grundschule;Oder-Spree;LOS
102660;Theodor-Fontane-Grundschule;Oder-Spree;LOS
105132;"Grundschule ""Schule des Friedens""";Oder-Spree;LOS
105685;L�cknitz-Grundschule Erkner;Oder-Spree;LOS
105806;Diesterweg-Grundschule;Oder-Spree;LOS
105892;Grundschule Lindenb�umchen;Oder-Spree;LOS
105946;Katholische Schule Bernhardinum Grundschule;Oder-Spree;LOS
106240;Freie Montessori Grundschule Hangelsberg anerkannte Ersatzschule;Oder-Spree;LOS
106367;Rahn Education - Freie Grundschule F�rstenwalde, Staatlich genehmigte Ersatzschule;Oder-Spree;LOS
106501;Pfarrer Br�uer Schule Evangelische Grundschule in Rauen anerkannte Ersatzschule;Oder-Spree;LOS
106562;Freie Schule Woltersdorf reformp�dagogisch orientierte Grundschule;Oder-Spree;LOS
111144;Albert-Schweitzer-Oberschule;Oder-Spree;LOS
111156;Grundschule Friedland;Oder-Spree;LOS
111168;Europaschule Storkow Grund- und Oberschule;Oder-Spree;LOS
111260;Gesamtschule 3 mit gymnasialer Oberstufe;Oder-Spree;LOS
111491;Grund- und Oberschule M�llrose;Oder-Spree;LOS
111508;F�nfeichener Grundschule;Oder-Spree;LOS
111521;Grundschule am Weinberg;Oder-Spree;LOS
111533;"Grundschule ""Am Kiefernwald""";Oder-Spree;LOS
111570;"Grundschule ""An der Spree"" Neu Zittau";Oder-Spree;LOS
111582;"Grundschule ""Dr. Theodor Neubauer""";Oder-Spree;LOS
111594;Gerhart-Hauptmann-Grundschule Gr�nheide (Mark);Oder-Spree;LOS
111600;Juri-Gagarin-Oberschule F�rstenwalde;Oder-Spree;LOS
111612;Spree-Oberschule F�rstenwalde;Oder-Spree;LOS
111648;"Grundschule ""Martin Andersen Nex�"" Briesen";Oder-Spree;LOS
111650;"Oberschule ""Maxim Gorki"" Bad Saarow Oberschule mit Grundschulteil";Oder-Spree;LOS
113414;Gesamtschule mit gymnasialer Oberstufe Woltersdorf - staatlich anerkannte Ersatzschule -;Oder-Spree;LOS
120364;Rouanet-Gymnasium Beeskow Unesco-Projektschule;Oder-Spree;LOS
120390;Albert-Schweitzer-Gymnasium;Oder-Spree;LOS
120420;Katholische Schule Bernhardinum Gymnasium anerkannte Ersatzschule;Oder-Spree;LOS
120431;Geschwister-Scholl-Gymnasium;Oder-Spree;LOS
120984;Carl-Bechstein-Gymnasium Erkner;Oder-Spree;LOS
121174;Rahn Education - Freies Gymnasium im Stift Neuzelle, Staatlich anerkannte Ersatzschule;Oder-Spree;LOS
121204;Philipp-Melanchthon-Gymnasium Humanistisches Privatgymnasium anerkannte Ersatzschule;Oder-Spree;LOS
121332;Friedrich-Gedike-Gymnasium Humanistisches Privatgymnasium anerkannte Ersatzschule;Oder-Spree;LOS
121435;Gymnasium Sch�neiche bei Berlin;Oder-Spree;LOS
130448;MORUS-Oberschule Erkner;Oder-Spree;LOS
130850;Katholische Schule Bernhardinum Oberschule anerkannte Ersatzschule;Oder-Spree;LOS
130904;Oberschule Chance BugK/Gr�nheide genehmigte Ersatzschule;Oder-Spree;LOS
180040;Bettina-von-Arnim-Schule Private Oberschule anerkannte Ersatzschule;Oder-Spree;LOS
180075;Johannes-Gutenberg-Oberschule -anerkannte Ersatzschule-;Oder-Spree;LOS
180099;Rahn Education - Freie Oberschule F�rstenwalde, Staatlich anerkannte Ersatzschule;Oder-Spree;LOS
180105;Freie Montessori Oberschule Hangelsberg der FAWZ gGmbH -anerkannte Ersatzschule-;Oder-Spree;LOS
180154;Rahn Education - Freie Oberschule im Stift Neuzelle, Staatlich anerkannte Ersatzschule;Oder-Spree;LOS
180166;Oberschule Briesen der FAWZ gGmbH anerkannte Ersatzschule;Oder-Spree;LOS
200177;Europaschule Oberstufenzentrum Oder-Spree;Oder-Spree;LOS
200517;Rahn Education - Freie Fachoberschule F�rstenwalde, Staatlich anerkannte Ersatzschule;Oder-Spree;LOS
200621;"Berufliche Schule ""Paula F�rst"" der FAWZ gGmbH Berufsfachschule und Fachschule f�r Sozialwesen mit staatlich anerk. Bildungsg�ngen";Oder-Spree;LOS
200888;Bertha-von-Suttner-Fachoberschule, Private Fachober- schule - anerkannte Ersatzschule in den Fachrichtungen Sozialwesen u. Wirtschaft und Verw.;Oder-Spree;LOS
330050;Korczak-Schule Berufliche Schule f�r Sozialwesen Samariteranstalten F�rstenwalde;Oder-Spree;LOS
400567;Pestalozzi-Schule Schule mit dem sonderp�d. F�rderschwerpunkt geistige Entwicklung;Oder-Spree;LOS
400579;Schule mit dem sonderp�d. F�rderschwerpunkt Lernen Otto Buchwitz;Oder-Spree;LOS
400660;Regine-Hildebrandt-Schule Schule mit dem sonderp�d. F�rderschwerpunkt geistige Entwicklung F�rstenwalde/Erkner;Oder-Spree;LOS
400683;Schule mit dem sonderp�d. F�rderschwerpunkt Lernen Erich K�stner;Oder-Spree;LOS
401080;Burgdorf-Schule Schule mit dem sonderp�d. F�rderschwerpunkt geistige Entwicklung;Oder-Spree;LOS
401134;"Katholische Grundschule ""Pfarrer Florian Birnbach"" mit angegliederten F�rderklassen mit dem sonderp�dagogischen F�rderschwerpunkt geistige Entwicklung in der Sek I und Berufsbildungsstufe - anerkannte Ersatzschule";Oder-Spree;LOS
401444;"Schule mit dem sonderp�dagogischen F�rderschwerpunkt ""Lernen""";Oder-Spree;LOS
640189;Kreisvolkshochschule Oder-Spree Gesch�ftsstelle F�rstenwalde;Oder-Spree;LOS
100626;Wilhelm-Busch-Grundschule Pinnow;Uckermark;UM
100638;Gustav-Bruhn-Grundschule;Uckermark;UM
100640;Puschkinschule Angerm�nde;Uckermark;UM
101527;"Grundschule ""Bertolt Brecht""";Uckermark;UM
101540;Astrid Lindgren Grundschule;Uckermark;UM
101552;Erich K�stner-Grundschule;Uckermark;UM
101576;"Grundschule ""Am Waldrand""";Uckermark;UM
103007;Grundschule am Oberuckersee;Uckermark;UM
103020;Goethe-Grundschule G�ritz;Uckermark;UM
103032;Grundschule Gollmitz;Uckermark;UM
103044;Kleine Grundschule F�rstenwerder;Uckermark;UM
103068;Diesterweg-Grundschule;Uckermark;UM
103081;Grundschule Johann Heinrich Pestalozzi;Uckermark;UM
103093;"Grundschule ""Artur Becker""";Uckermark;UM
103718;"Grundschule ""Johann Wolfgang von Goethe""";Uckermark;UM
103779;Pannwitz-Grundschule Lychen;Uckermark;UM
105867;Grundschule Uckerland;Uckermark;UM
106069;Dorfschule Wallmow genehmigte Ersatzschule;Uckermark;UM
106215;Freie Schule Angerm�nde Grundschule;Uckermark;UM
106379;Aktive Naturschule mit Montessori- Orientierung Templin Grundschule;Uckermark;UM
106410;Grundschule Gartz;Uckermark;UM
106513;Evangelische Salveytal-Grundschule Tantow;Uckermark;UM
106665;Evangelische Grundschule Schwedt/Oder genehmigte Ersatzschule;Uckermark;UM
106823;Freie Drau�enschule, Grundschule f�r selbstbestimmtes Lernen - genehmigte Ersatzschule -;Uckermark;UM
110401;Cornelia-Funke-Grundschule Passow;Uckermark;UM
110437;Grundschule Casekow;Uckermark;UM
110449;Ehm Welk - Oberschule Schule f�r gemeinsames Lernen;Uckermark;UM
110851;Dreiklang Oberschule;Uckermark;UM
110863;"Gesamtschule mit gymnasialer Oberstufe ""Talsand""";Uckermark;UM
111867;"Grundschule ""Anna Karbe""";Uckermark;UM
112185;Oberschule Templin;Uckermark;UM
112197;Grundschule Am Egelpfuhl;Uckermark;UM
112203;Grundschule Clara Zetkin;Uckermark;UM
112227;Puschkin-Grundschule Boitzenburg;Uckermark;UM
112239;Grundschule Gerswalde;Uckermark;UM
113270;Regenbogengrundschule Br�ssow;Uckermark;UM
113311;Oberschule mit Grundschule Carl Friedrich Grabow;Uckermark;UM
113463;Aktive Naturschule Templin Gesamtschule mit gymn. Oberstufe - genehmigte Ersatzschule, anerkannt in der Sekundarstufe I -;Uckermark;UM
120108;Einstein-Gymnasium;Uckermark;UM
120273;Carl-Friedrich-Gau�-Gymnasium;Uckermark;UM
120509;Christa-und-Peter-Scherpf-Gymnasium;Uckermark;UM
120601;Gymnasium Templin;Uckermark;UM
130837;"Oberschule ""Philipp Hackert""";Uckermark;UM
130874;Aktive Naturschule Prenzlau Grund- und Oberschule Oberschule mit angegliedertem Grundschulteil -anerkannte Ersatzschule-;Uckermark;UM
180180;Freie Schule Angerm�nde Oberschule anerkannte Ersatzschule;Uckermark;UM
200189;Oberstufenzentrum Uckermark;Uckermark;UM
200578;Berufliche Schule Angerm�nde;Uckermark;UM
400373;"Schule mit dem sonderp�dagogischen F�rderschwerpunkt ""geistige Entwicklung"" Im Odertal";Uckermark;UM
400385;"Schule mit dem sonderp�dagogischen F�rderschwerpunkt ""Lernen"" Am Schlo�park Schwedt/Oder";Uckermark;UM
400762;"Lebensschule Uckermark Schule mit dem sonderp�dagogischen F�rderschwerpunkt ""geistige Entwicklung""";Uckermark;UM
400774;Schule mit dem sonderp�dagogischen F�rderschwerpunkt Lernen Max Lindow;Uckermark;UM
400890;"Schule mit dem sonderp�dagogischen F�rderschwerpunkt ""Lernen"" Willy Gabbert";Uckermark;UM
400919;Waldhofschule Integrative Grundschule -Eine Schule f�r alle-;Uckermark;UM
401481;"EJF-Schulzentrum ""Tabaluga""-Oberschule mit angegliederten F�rderklassen in der Primarstufe - anerkannte Ersatzschule";Uckermark;UM
640451;"Zweiter Bildungsweg an der Gesamtschule ""Talsand""";Uckermark;UM
103536;Adolph-Diesterweg-Grundschule;Havelland;HVL
103548;Grundschule am Lindenplatz Nauen;Havelland;HVL
103561;"Grundschule ""Am Wasserturm""";Havelland;HVL
103585;Karibu-Grundschule-Paulinenaue;Havelland;HVL
103597;"Grundschule ""Otto Lilienthal"" Wustermark";Havelland;HVL
103615;"Grundschule ""Menschenskinder"" Sch�nwalde VHG";Havelland;HVL
103627;Grundschule im Glien;Havelland;HVL
103639;K�the-Kollwitz-Grundschule;Havelland;HVL
103640;Europagrundschule Ketzin;Havelland;HVL
103664;Geschwister-Scholl-Grundschule;Havelland;HVL
103676;Erich-K�stner-Grundschule;Havelland;HVL
103688;Lessing-Grundschule Falkensee;Havelland;HVL
103690;Europaschule am Gutspark;Havelland;HVL
103706;Robinson-Grundschule Brieselang;Havelland;HVL
105170;"Grundschule ""Friedrich Ludwig Jahn""";Havelland;HVL
105181;Grundschule am Weinberg;Havelland;HVL
105193;"Grundschule ""Geschwister Scholl""";Havelland;HVL
105211;Otto-Seeger-Grundschule Rathenow West;Havelland;HVL
105223;Grundschule Am Dachsberg;Havelland;HVL
105247;Inge-Sielmann-Grundschule;Havelland;HVL
105260;Lilienthal-Grundschule;Havelland;HVL
105272;Kleine Grundschule Gro�wudicke;Havelland;HVL
105284;"Grundschule ""Friedrich de la Motte Fouqu�""";Havelland;HVL
105296;Kleine Grundschule Hohennauen;Havelland;HVL
106227;ZeeBr@-Grundschule;Havelland;HVL
106276;Leonardo da Vinci Campus Kreativit�ts- und Ganztagsgrundschule Nauen - anerkannte Ersatzschule -;Havelland;HVL
112124;"""Dr. Georg Graf von Arco Schulzentrum""";Havelland;HVL
112136;"Oberschule ""Theodor Fontane""";Havelland;HVL
112148;Oberschule Falkensee;Havelland;HVL
112150;"Gesamtschule ""Immanuel Kant"" mit gymnasialer Oberstufe";Havelland;HVL
112161;Schulzentrum Heinz Sielmann;Havelland;HVL
112173;Hans-Klakow-Gesamtschule;Havelland;HVL
112823;Kooperationsschule Friesack mit Primarstufe;Havelland;HVL
112859;"Gesamtschule ""Bruno H. B�rgel"" - Sportprofilierte Ganztagsschule mit gymnasialer Oberstufe - UNESCO-Projektschule -";Havelland;HVL
112860;Oberschule Premnitz;Havelland;HVL
120583;Goethe-Gymnasium Nauen;Havelland;HVL
120595;Lise-Meitner-Gymnasium;Havelland;HVL
120777;Friedrich-Ludwig-Jahn-Gymnasium;Havelland;HVL
121060;Leonardo da Vinci Campus Internationales Ganztagsgymnasium;Havelland;HVL
121125;Marie-Curie-Gymnasium;Havelland;HVL
121289;Vicco-von-B�low-Gymnasium;Havelland;HVL
130722;"Oberschule ""Johann Heinrich August Duncker""";Havelland;HVL
180117;Sport- und Kreativit�tsgesamtschule auf dem LDVC - anerkannte Ganztagsersatzschule -;Havelland;HVL
200220;Oberstufenzentrum Havelland;Havelland;HVL
330127;"AWO Berufliche Schule f�r Sozialwesen ""Sophie Scholl"" anerkannte Ersatzschule";Havelland;HVL
400865;Havellandschule - Schule mit dem sonderp�dagogischen F�rderschwerpunkt geistige Entwicklung;Havelland;HVL
400877;"Schule ""Am Akazienhof"" Falkensee - Schule mit dem sonderp�dagogischen F�rderschwerpunkt Lernen";Havelland;HVL
400889;Regenbogenschule - Schule mit dem sonderp�dagogischen F�rderschwerpunkt Lernen;Havelland;HVL
401225;Schule Spektrum - Schule mit dem sonderp�dagogischen F�rderschwerpunkt geistige Entwicklung;Havelland;HVL
401249;Pestalozzi-Schule Schule mit dem sonderp�dagogischen F�rderschwerpunkt Lernen;Havelland;HVL
640414;ZBW an Volkshochschule Havelland;Havelland;HVL
102921;Havelland-Grundschule Zehdenick;Oberhavel;OHV
102933;Linden-Grundschule Zehdenick;Oberhavel;OHV
102945;"Mildenberger Grundschule ""Am Ziegeleipark""";Oberhavel;OHV
102982;Drei-Seen-Grundschule;Oberhavel;OHV
102994;"Grundschule ""An der M�hle"" Bredereiche";Oberhavel;OHV
104796;"Grundschule ""Theodor Fontane"" Hennigsdorf";Oberhavel;OHV
104802;Grundschule Beetz;Oberhavel;OHV
104814;Grundschule B�tzow;Oberhavel;OHV
104826;Neddermeyer-Grundschule Schmachtenhagen;Oberhavel;OHV
104838;Europaschule am Flie� Schildow;Oberhavel;OHV
104851;Comenius-Grundschule Oranienburg;Oberhavel;OHV
104863;"Grundschule ""J.H.Pestalozzi"" Leegebruch";Oberhavel;OHV
104875;Goethe-Grundschule Kremmen;Oberhavel;OHV
104887;Waldgrundschule Hohen Neuendorf;Oberhavel;OHV
104899;Grundschule NORD Hennigsdorf;Oberhavel;OHV
104905;Grundschule Borgsdorf;Oberhavel;OHV
104917;Integrativ-kooperative Pestalozzi- Grundschule Birkenwerder;Oberhavel;OHV
104929;Ahorn Grundschule Bergfelde;Oberhavel;OHV
104930;Grundschule Friedrichsthal;Oberhavel;OHV
104954;Grundschule Glienicke/Nb. Glienicke Kreis Oberhavel;Oberhavel;OHV
104966;Biber-Grundschule Nieder Neuendorf;Oberhavel;OHV
104978;"Grundschule ""Friedrich Wolf"" Lehnitz";Oberhavel;OHV
104980;"Grundschule ""Am Weinberg"" Liebenwalde";Oberhavel;OHV
104991;K�the-Kollwitz-Grundschule M�hlenbeck;Oberhavel;OHV
105004;Grundschule Sachsenhausen;Oberhavel;OHV
105016;Waldschule Oranienburg Grundschule;Oberhavel;OHV
105028;Havelschule Oranienburg;Oberhavel;OHV
105030;Nashorn-Grundschule Vehlefanz;Oberhavel;OHV
105041;Linden-Grundschule Velten;Oberhavel;OHV
105053;L�wenzahn-Grundschule Velten;Oberhavel;OHV
105739;Grundschule Germendorf;Oberhavel;OHV
106057;Mosaik-Grundschule Oranienburg anerkannte Ersatzschule;Oberhavel;OHV
106264;Kinderschule Oberhavel Grundschule anerkannte Ersatzschule;Oberhavel;OHV
106422;Grundschule Niederheide;Oberhavel;OHV
106483;Mosaik-Grundschule Oberhavel anerkannte Ersatzschule;Oberhavel;OHV
106768;Sonnengrundschule an den Havelauen;Oberhavel;OHV
106896;Sonnengrundschule Oranienburg;Oberhavel;OHV
111764;Schulzentrum Libertasschule L�wenberg Oberschule mit Grundschule;Oberhavel;OHV
111788;Werner-von-Siemens-Schule Gransee;Oberhavel;OHV
111790;Stadtschule Gransee;Oberhavel;OHV
111818;Exin-Oberschule Zehdenick;Oberhavel;OHV
111831;Theodor-Fontane-Schule Menz;Oberhavel;OHV
112707;Goethe-Oberschule Kremmen;Oberhavel;OHV
112744;K�the-Kollwitz-Gesamtschule M�hlenbeck;Oberhavel;OHV
112756;Jean-Clermont-Oberschule Sachsenhausen;Oberhavel;OHV
112768;Torhorst-Gesamtschule mit gymnasialer Oberstufe;Oberhavel;OHV
112793;"Oberschule ""Albert Schweitzer"" Hennigsdorf";Oberhavel;OHV
120492;Strittmatter-Gymnasium Gransee;Oberhavel;OHV
120730;"Gymnasium ""Friedlieb Ferdinand Runge""";Oberhavel;OHV
120741;Marie-Curie-Gymnasium Hohen Neuendorf;Oberhavel;OHV
120753;"Gymnasium ""Alexander S. Puschkin"" Hennigsdorf";Oberhavel;OHV
120972;Hedwig-Bollhagen-Gymnasium Velten;Oberhavel;OHV
121046;Louise-Henriette-Gymnasium Oranienburg;Oberhavel;OHV
121230;Neues Gymnasium Glienicke anerkannte Ersatzschule;Oberhavel;OHV
121253;Mosaik-Gymnasium Oberhavel - anerkannte Ersatzschule in freier Tr�gerschaft der Jugend- und Sozialwerk gGmbH Oranienburg Kreis Oberhavel;Oberhavel;OHV
130680;Barbara-Z�rner-Oberschule;Oberhavel;OHV
130692;Dr. Hugo Rosenthal Oberschule;Oberhavel;OHV
130801;"Oberschule ""Adolph Diesterweg"" Hennigsdorf";Oberhavel;OHV
130886;"Oberschule ""An der Polz"" der Balance gGmbH";Oberhavel;OHV
180191;Adventschule Oberhavel Oberschule mit Grundschulteil anerkannte Ersatzschule;Oberhavel;OHV
180268;Mosaik-Oberschule Oberhavel - anerkannte Ersatzschule in freier Tr�gerschaft der Jugend- und Sozialwerk gGmbH Oranienburg Kreis Oberhavel;Oberhavel;OHV
180312;Frieda-Gl�cksmann-Oberschule;Oberhavel;OHV
190147;Freie Naturschule im F�rstenberger Seenland;Oberhavel;OHV
200244;Georg-Mendheim-Oberstufenzentrum Oberhavel;Oberhavel;OHV
200347;Eduard-Maurer-Oberstufenzentrum;Oberhavel;OHV
200542;Berufliche Schule f�r gastronomische Berufe;Oberhavel;OHV
200906;Neues Berufliches Gymnasium Glienicke mit den Schwerpunkten Wirtschaft und Technik - anerkannte Ersatzschule -;Oberhavel;OHV
330279;Fachschule f�r Sozialwesen - anerkannte Ersatzschule in freier Tr�gerschaft der Jugend- und Sozialwerk gemeinn�tzige GmbH Oranienburg Kreis Oberhavel;Oberhavel;OHV
400737;"Kranichschule Zehdenick Schule mit dem sonderp�dagogischen F�rderschwerpunkt ""geistige Entwicklung""";Oberhavel;OHV
401110;"Schule St. Johannesberg Schule mit dem sonderp�dagogischen F�rderschwerpunkt ""geistige Entwicklung""";Oberhavel;OHV
401146;Linden-Schule Schule mit dem sonderp�dagogischen F�rderschwerpunkt Lernen;Oberhavel;OHV
401160;Regine-Hildebrandt-Gesamtschule;Oberhavel;OHV
401183;"Regenbogenschule Hennigsdorf Schule mit dem sonderp�dagogischen F�rderschwerpunkt ""geistige Entwicklung""";Oberhavel;OHV
401201;Margeriten-Schule Borgsdorf;Oberhavel;OHV
640426;ZBW am Georg-Mendheim-OSZ Oberhavel;Oberhavel;OHV
100304;"Grundschule ""Karl Liebknecht"" Neuruppin";Ostprignitz-Ruppin;OPR
100316;"Grundschule ""Wilhelm Gentz"" Naturparkschule";Ostprignitz-Ruppin;OPR
100330;Grundschule am Burgwall;Ostprignitz-Ruppin;OPR
100365;Johann-Heinrich-Bolte-Grundschule Fehrbellin;Ostprignitz-Ruppin;OPR
100390;Grundschule Gildenhall;Ostprignitz-Ruppin;OPR
101606;Diesterweg-Grundschule Wittstock;Ostprignitz-Ruppin;OPR
101618;Waldring-Grundschule Wittstock;Ostprignitz-Ruppin;OPR
102740;Grundschule Blumenthal;Ostprignitz-Ruppin;OPR
102817;Goethe-Grundschule Kyritz;Ostprignitz-Ruppin;OPR
102891;Astrid- Lindgren- Grundschule Wusterhausen;Ostprignitz-Ruppin;OPR
106021;Nachbarschaftsschule Freie Grundschule Roddahn des Vereins Tausendweg e.V.;Ostprignitz-Ruppin;OPR
106173;Montessori-Grundschule Neuruppin in freier Tr�gerschaft der IBiS Bildungsst�tten GmbH staatlich anerkannte Ersatzschule;Ostprignitz-Ruppin;OPR
106331;Evangelische Schule Neuruppin Grundschule anerkannte Ersatzschule;Ostprignitz-Ruppin;OPR
106987;Naturschule Temnitztal -Grundschule als genehmigte Ersatzschule in freier Tr�gerschaft-;Ostprignitz-Ruppin;OPR
107037;Grundschule am Wall - genehmigte Ersatzschule -;Ostprignitz-Ruppin;OPR
110176;Grundschule am M�hlenweg;Ostprignitz-Ruppin;OPR
110190;Grundschule Flecken Zechlin;Ostprignitz-Ruppin;OPR
110206;Drei-Seen-Schule Grundschule Lindow (Mark);Ostprignitz-Ruppin;OPR
110218;"Grundschule ""Am Weinberg"" Alt Ruppin";Ostprignitz-Ruppin;OPR
110220;Grundschule Wustrau;Ostprignitz-Ruppin;OPR
110255;Rosa-Luxemburg-Grundschule Neuruppin;Ostprignitz-Ruppin;OPR
110280;"Oberschule ""Schule am Rhin"" Fehrbellin";Ostprignitz-Ruppin;OPR
110292;FontaneSchule Neuruppin;Ostprignitz-Ruppin;OPR
110905;Nadelbach-Grundschule;Ostprignitz-Ruppin;OPR
110917;Dr.-Wilhelm-Polthier-Oberschule Wittstock;Ostprignitz-Ruppin;OPR
111703;L�wenzahn Grundschule;Ostprignitz-Ruppin;OPR
111739;Prinz-von-Homburg-Schule Gesamtschule mit Grundschulteil und gymnasialer Oberstufe;Ostprignitz-Ruppin;OPR
112835;"Grund- und Oberschule Schulzentrum ""Bildungscampus-Rheinsberg""";Ostprignitz-Ruppin;OPR
120078;Karl-Friedrich-Schinkel-Gymnasium Neuruppin;Ostprignitz-Ruppin;OPR
120303;St�dtisches Gymnasium Wittstock/Dosse;Ostprignitz-Ruppin;OPR
120480;Gymnasium Friedrich Ludwig Jahn Kyritz;Ostprignitz-Ruppin;OPR
121009;Evangelische Schule Neuruppin Gymnasium anerkannte Ersatzschule;Ostprignitz-Ruppin;OPR
130485;Carl-Diercke-Schule Oberschule Kyritz;Ostprignitz-Ruppin;OPR
130862;"Oberschule�""Alexander Puschkin"" Neuruppin";Ostprignitz-Ruppin;OPR
130898;Nachbarschaftsschule Freie Schule;Ostprignitz-Ruppin;OPR
180063;Gemeinschaftsschule im Kloster Stift zum Heiligengrabe Oberschule m. angegliederten Grundschulteil, anerkannte Ersatzschule f�r die Oberschule;Ostprignitz-Ruppin;OPR
180208;Evangelische Schule Neuruppin Oberschule anerkannte Ersatzschule;Ostprignitz-Ruppin;OPR
180270;Montessori-Oberschule Neuruppin - genehmigte Ersatzschule, anerkannt in der Sekundarstufe I;Ostprignitz-Ruppin;OPR
200049;Oberstufenzentrum Ostprignitz-Ruppin;Ostprignitz-Ruppin;OPR
200633;Berufliche Schulen Neuruppin der ASG - Anerkannten Schulgesellschaft mbH anerkannte Ersatzschule;Ostprignitz-Ruppin;OPR
200670;Berufliche Schule f�r Sport und Soziales Lindow der ESAB gGmbH, BFS anerk. Berufsabschluss Sportassistent FS Sozialw.-FR Sozialp�d. anerkannt;Ostprignitz-Ruppin;OPR
400087;"Johann-Heinrich-Pestalozzi-Schule Neuruppin Schule mit dem sonderp�dagogischen F�rderschwerpunkt ""Lernen""";Ostprignitz-Ruppin;OPR
400105;"""Schule am Kastaniensteg"" Neuruppin Schule mit dem sonderp�dagogischen F�rderschwerpunkt ""geistige Entwicklung""";Ostprignitz-Ruppin;OPR
400403;"Erich K�stner Schule Schule mit dem sonderp�dagogischen F�rderschwerpunkt ""Lernen"" Wittstock";Ostprignitz-Ruppin;OPR
400415;"Mosaik-Schule Schule mit dem sonderp�dagogischen F�rderschwerpunkt ""geistige Entwicklung"" Wittstock";Ostprignitz-Ruppin;OPR
400713;Linden-Schule Schule mit dem sonderp�dagogischen F�rderschwerpunkt Lernen;Ostprignitz-Ruppin;OPR
640300;ZBW am Gymnasium Friedrich Ludwig Jahn Kyritz;Ostprignitz-Ruppin;OPR
102763;Friedrich-Ludwig-Jahn-Schule Pritzwalk;Prignitz;PR
102775;Herbert-Quandt-Grundschule Pritzwalk;Prignitz;PR
102799;Grundschule Demerthin;Prignitz;PR
103974;Grundschule Karst�dt;Prignitz;PR
104000;Grundschule Elblandgrundschule Wittenberge;Prignitz;PR
104024;Rolandschule-Grundschule Perleberg;Prignitz;PR
104036;"Grundschule ""Geschwister Scholl"" Perleberg";Prignitz;PR
104061;"Grundschule ""Thomas M�ntzer"" Kleinow";Prignitz;PR
105077;Grundschule Breese;Prignitz;PR
105089;Grundschule Berge;Prignitz;PR
105831;Friedrich-Ludwig-Jahn-Grundschule Lanz;Prignitz;PR
105843;"Grundschule ""Gijsels van Lier"" Lenzen";Prignitz;PR
106161;"IBiS-Grundschule ""Maria Montessori"" Wittenberge anerkannte Ersatzschule";Prignitz;PR
106203;Landweg- Freie Schule Baek Grundschule;Prignitz;PR
106884;"Montessori-Grundschule ""Maria Sibylla Merian"" - genehmigte Ersatzschule -";Prignitz;PR
106914;Evangelische Grundschule Pritzwalk - genehmigte Ersatzschule -;Prignitz;PR
111673;"Grundschule ""Juri Gagarin"" Gro� Pankow";Prignitz;PR
111685;Grundschule Putlitz;Prignitz;PR
111697;"Grundschule ""Geschwister Scholl"" Meyenburg";Prignitz;PR
113293;"Grundschule ""Friedrich Ludwig Jahn"" mit offenem Ganztagsangebot";Prignitz;PR
113300;Oberschule mit Grundschule Gl�wen;Prignitz;PR
120479;Johann-Wolfgang-von-Goethe-Gymnasium;Prignitz;PR
120728;Gottfried-Arnold-Gymnasium Perleberg;Prignitz;PR
130461;Freiherr-von-Rochow-Schule - Oberschule -;Prignitz;PR
180282;"IBiS-Oberschule ""Maria Montessori"" Wittenberge - genehmigte Ersatzschule - anerkannt in der Sekundarstufe I";Prignitz;PR
200232;Oberstufenzentrum des Landkreises Prignitz;Prignitz;PR
200840;Berufliche Schule der Bildungsgesellschaft mbH Pritzwalk - Ersatzschule m. anerk. u. geneh. Bildungsg�ngen der Berufsschule, anerkannte FS Sozialwesen FR Sozialp�dagogik;Prignitz;PR
400695;"Schule mit dem sonderp�dagogischen F�rderschwerpunkt ""Lernen"" Pritzwalk";Prignitz;PR
400701;"F�rderschule im Jugenddorf Prignitz Schule mit dem sonderp�dagogischen F�rderschwerpunkt ""geistige Entwicklung""";Prignitz;PR
400956;"Schule an der Stepenitz Schule mit dem sonderp�dagogischen F�rderschwerpunkt ""Lernen""";Prignitz;PR
400968;"Schule mit dem sonderp�dagogischen F�rderschwerpunkt ""Lernen"" Wittenberge";Prignitz;PR
400970;"Albert-Schweitzer-Schule Wittenberge Schule mit dem sonderp�dagogischen F�rderschwerpunkt ""geistige Entwicklung""";Prignitz;PR
640359;ZBW am OSZ des Landkreises Prignitz;Prignitz;PR
800120;Marie-Curie-Gymnasium Wittenberge;Prignitz;PR
800132;Oberschule Wittenberge;Prignitz;PR
800200;Elbtalgrundschule;Prignitz;PR
800211;Friedrich-Gedike-Oberschule Perleberg;Prignitz;PR
1234;Testschule;Prignitz;PR
12345;Testschule-Bezahllizenzen;Xitaso-Landkreis;XP
